INSERT INTO DosageForm(id, name) VALUES
    (0, 'tablet'),
    (1, 'syrops'),
    (2, 'pastes'),
    (3, 'solid crystals'),
    (4, 'liquid');

INSERT INTO Manufacturer(id, name) VALUES
    (0, 'Pharmatech'),
    (1, 'Phytopharm Klenka'),
    (2, 'Pharmachim (Pharmacia AD)'),
    (3, 'Pharmaton'),
    (4, 'Pleasure Latex Prod.'),
    (5, 'PSI'),
    (6, 'Plastchim'),
    (7, 'Poli'),
    (8, 'Pharmedge Life Science'),
    (9, 'Pashupati');

INSERT INTO Component(id, name, formula) VALUES
    (0, 'Angels Trumpet', 'HO1'),
    (1, 'Aconite (Wolfsbane)', 'H8OHC2'),
    (2, 'Deadlyius', 'H6HO76'),
    (3, 'Acromantula venom', 'O'),
    (4, 'Billywig sting', 'H'),
    (5, 'Baneberry', 'OC8OHO'),
    (6, 'Caterpillar', 'HHCC15'),
    (7, 'Boomslang skin', 'C3'),
    (8, 'Chinese Chomping Cabbage', 'OOOC'),
    (9, 'Dragon blood', 'H'),
    (10, 'Cat hair', 'H3'),
    (11, 'Boomslang', 'O'),
    (12, 'Croakoa', 'H9OC7'),
    (13, 'Bat spleen', 'O46HC'),
    (14, 'Dragon claw', 'H8C2');

INSERT INTO Laboratory(id, name, managerLastName) VALUES
    (0, 'The Hanso Foundation', 'ANDERSON'),
    (1, 'Umbrella Corporation', 'MARTINEZ'),
    (2, 'Black Letter Labs', 'MARTINEZ'),
    (3, 'PACT Corporation', 'CLARK'),
    (4, 'NorBAC', 'TAYLOR'),
    (5, 'Characters of Sluggy Freelance#Hereti-Corp', 'MARTIN'),
    (6, 'Project Cadmus', 'ROBINSON');

INSERT INTO Drug(id, name, internationalName, dosageFormId, manufacturerId, componentId, certificateId, certificateExpires, certificateLaboratoryId) VALUES
    (0, 'Pasceline D', 'Pasceline D', 4, 0, 11, 0, '20/02/2013', 1),
    (1, 'Panexa', 'Panexa', 4, 9, 6, 1, '14/10/2004', 2),
    (2, 'Kalocin', 'Kalocin', 2, 5, 8, 2, '09/07/2014', 3),
    (3, 'Neodextraline solution', 'Neodextraline solution', 2, 4, 4, 3, '20/07/2008', 3),
    (4, 'Gels', 'Gels', 4, 7, 9, 4, '25/11/2004', 0),
    (5, 'Semuta', 'Semuta', 3, 9, 9, 5, '23/07/2011', 6),
    (6, 'Phoenix Down', 'Phoenix Down', 3, 8, 14, 6, '13/02/2007', 3),
    (7, 'Interfectum', 'Interfectum', 4, 0, 0, 7, '18/02/2004', 0),
    (8, 'Kallocain', 'Kallocain', 4, 4, 0, 8, '13/03/2000', 2),
    (9, 'Jet Antidote', 'Jet Antidote', 1, 5, 7, 9, '19/05/2007', 2),
    (10, 'Medicinal Compound', 'Medicinal Compound', 0, 3, 3, 10, '03/11/2003', 6),
    (11, 'Dried Frog Pills', 'Dried Frog Pills', 3, 2, 8, 11, '08/01/2017', 3),
    (12, 'Plasmids', 'Plasmids', 2, 7, 4, 12, '04/02/2012', 1),
    (13, 'Oret', 'Oret', 0, 5, 11, 13, '08/04/2006', 4),
    (14, 'Vigors', 'Vigors', 2, 7, 9, 14, '07/03/2013', 0),
    (15, 'Digitalin', 'Digitalin', 1, 5, 5, 15, '14/02/2004', 0),
    (16, 'Masiform D', 'Masiform D', 1, 5, 14, 16, '21/05/2014', 0),
    (17, 'Cortexiphan', 'Cortexiphan', 0, 8, 0, 17, '19/11/2007', 1),
    (18, 'Expectane', 'Expectane', 1, 9, 5, 18, '14/04/2013', 4),
    (19, 'PX-41 Antidote', 'PX-41 Antidote', 2, 5, 6, 19, '09/04/2018', 0),
    (20, 'Med-X', 'Med-X', 1, 3, 12, 20, '28/11/2012', 6),
    (21, 'Focusyn', 'Focusyn', 2, 6, 7, 21, '15/07/2013', 1),
    (22, 'Tribonin', 'Tribonin', 2, 0, 14, 22, '21/04/2002', 2),
    (23, 'Nyquil Cold, Flu & AIDS', 'Nyquil Cold, Flu & AIDS', 2, 9, 14, 23, '01/09/2013', 0),
    (24, 'Dreamy Sleepy Nighty Snoozy Snooze', 'Dreamy Sleepy Nighty Snoozy Snooze', 3, 2, 13, 24, '23/06/2009', 2),
    (25, 'Ritalout', 'Ritalout', 2, 5, 12, 25, '20/11/2018', 5),
    (26, 'Ether', 'Ether', 1, 6, 9, 26, '15/02/2002', 3),
    (27, 'Zydrate', 'Zydrate', 0, 9, 14, 27, '08/08/2014', 1),
    (28, 'Neuropozyne', 'Neuropozyne', 4, 0, 1, 28, '09/10/2003', 3),
    (29, 'Ryetalyn', 'Ryetalyn', 0, 8, 2, 29, '27/11/2007', 0),
    (30, 'Gambutrol', 'Gambutrol', 3, 6, 13, 30, '15/08/2015', 4),
    (31, 'Adravil', 'Adravil', 1, 0, 2, 31, '08/01/2017', 5),
    (32, 'Medi-Gel', 'Medi-Gel', 0, 5, 4, 32, '20/02/2005', 6),
    (33, 'Anti-Ague', 'Anti-Ague', 0, 3, 1, 33, '28/05/2003', 0),
    (34, 'Isoprovalyn', 'Isoprovalyn', 0, 7, 8, 34, '15/01/2009', 3),
    (35, 'Catana', 'Catana', 4, 9, 1, 35, '02/08/2017', 6),
    (36, 'Phalanx', 'Phalanx', 1, 1, 10, 36, '10/09/2008', 0),
    (37, 'Starshade', 'Starshade', 2, 3, 2, 37, '14/11/2018', 5),
    (38, 'Counteragent', 'Counteragent', 2, 2, 0, 38, '16/03/2007', 3),
    (39, 'Ryll', 'Ryll', 3, 9, 12, 39, '06/05/2011', 3),
    (40, 'Placiden', 'Placiden', 0, 5, 5, 40, '28/11/2014', 1),
    (41, 'Prexilin', 'Prexilin', 2, 9, 2, 41, '12/01/2004', 4),
    (42, 'Elixir of Long Life', 'Elixir of Long Life', 4, 1, 6, 42, '11/06/2016', 6),
    (43, 'Anabiotics', 'Anabiotics', 4, 7, 12, 43, '27/03/2003', 4),
    (44, 'Bittamucin', 'Bittamucin', 2, 2, 8, 44, '22/01/2006', 2),
    (45, 'Hydronium Bromide', 'Hydronium Bromide', 2, 0, 2, 45, '13/06/2013', 2),
    (46, 'Lot 6', 'Lot 6', 2, 8, 9, 46, '27/10/2003', 6),
    (47, 'Lithium dibromide', 'Lithium dibromide', 4, 1, 6, 47, '04/10/2018', 0),
    (48, 'Antibiotic Gel (AKA Heal Jelly)', 'Antibiotic Gel (AKA Heal Jelly)', 4, 7, 3, 48, '02/01/2011', 6),
    (49, 'Space Mead', 'Space Mead', 0, 3, 5, 49, '22/07/2007', 6);

INSERT INTO Warehouse(id, address, number) VALUES
    (0, 'Grimmauld Place 14', 0),
    (1, 'Privet Drive 91', 1),
    (2, 'Grimmauld Place 71', 2),
    (3, 'Erdbergstrasse 43', 3),
    (4, 'Shaftesbury Avenue 56', 4),
    (5, 'Pudding Lane 50', 5),
    (6, 'Lanes End 05', 6),
    (7, 'Rose Street 30', 7),
    (8, 'Victoria Embankment 12', 8),
    (9, 'Bermondsey Wall 97', 9),
    (10, 'Downing Street 86', 10),
    (11, 'Magnolia Crescent 25', 11),
    (12, 'Drury Lane 12', 12),
    (13, 'Alleyway between Magnolia Crescent and Wisteria Walk 47', 13),
    (14, 'Grangers' Home: Heathgate, Hampstead 41', 14),
    (15, 'Acanthia Way 30', 15),
    (16, 'Drury Lane 82', 16),
    (17, 'Rose Street 19', 17),
    (18, 'South Way 21', 18),
    (19, 'Acanthia Way 45', 19);

INSERT INTO Distributor(id, address, bankAccountNumber, contactName, contactPhoneNumber) VALUES
    (0, 'Charing Cross Road 40', 'SE45 7117 3914 7955 1781 1526', 'ROBINSON', '+7 218 438 07 67'),
    (1, 'Laburnum Gardens 54', 'SE45 6195 4323 8757 7895 2728', 'RODRIGUEZ', '+7 548 547 41 51'),
    (2, 'Pike Street 66', 'SE45 2725 9869 3383 4352 8566', 'JOHNSON', '+7 802 846 37 29'),
    (3, 'Grimmauld Place 98', 'SE45 7375 9604 6312 8304 1800', 'WILSON', '+7 144 972 18 25'),
    (4, 'Tottenham Court Road 04', 'SE45 4512 5888 9082 2251 2528', 'WHITE', '+7 401 829 19 50'),
    (5, 'Church Lane 24', 'SE45 2450 4595 4398 1036 5188', 'HARRIS', '+7 907 136 83 92'),
    (6, 'Lanes End 20', 'SE45 4981 1556 5477 9420 4055', 'MARTIN', '+7 764 348 48 87'),
    (7, 'Spinners End 18', 'SE45 0697 3529 3089 4157 6168', 'CLARK', '+7 035 075 86 94'),
    (8, 'Pudding Lane 66', 'SE45 4212 6178 1834 3014 6978', 'HARRIS', '+7 539 317 48 54');

INSERT INTO WarehouseDelivery(id, warehouseId, distributorId, deliveredAt, warehouseKeeper) VALUES
    (0, 12, 1, '28/03/2006', 'ROBINSON'),
    (1, 1, 7, '13/02/2018', 'SMITH'),
    (2, 8, 8, '03/09/2019', 'THOMAS'),
    (3, 3, 4, '06/06/2001', 'MILLER'),
    (4, 3, 6, '14/06/2015', 'THOMPSON'),
    (5, 18, 5, '28/01/2011', 'DAVIS'),
    (6, 3, 0, '06/10/2007', 'THOMAS'),
    (7, 18, 1, '15/10/2015', 'MOORE'),
    (8, 9, 1, '10/05/2008', 'DAVIS'),
    (9, 7, 3, '08/07/2008', 'MARTIN'),
    (10, 9, 1, '18/08/2005', 'TAYLOR'),
    (11, 17, 6, '04/04/2005', 'WILLIAMS'),
    (12, 11, 2, '28/11/2007', 'WHITE'),
    (13, 9, 1, '23/02/2011', 'MARTIN'),
    (14, 14, 1, '13/07/2016', 'MILLER'),
    (15, 5, 2, '04/05/2014', 'WALKER'),
    (16, 1, 6, '13/09/2018', 'WHITE'),
    (17, 3, 2, '23/01/2001', 'LEE'),
    (18, 19, 7, '15/02/2005', 'BROWN'),
    (19, 18, 7, '22/03/2005', 'LEE'),
    (20, 16, 5, '14/08/2019', 'HARRIS'),
    (21, 5, 7, '22/11/2006', 'THOMAS'),
    (22, 19, 0, '14/03/2002', 'SMITH'),
    (23, 2, 0, '14/02/2004', 'LEE'),
    (24, 9, 1, '03/08/2009', 'SMITH'),
    (25, 19, 0, '23/07/2012', 'MILLER'),
    (26, 13, 4, '14/06/2013', 'MILLER'),
    (27, 12, 8, '11/05/2005', 'JACKSON');

INSERT INTO WarehouseDeliveryPart(deliveryId, drugId, packageCount, packageWeight, itemsPerPackage, itemPurchasePrice) VALUES
    (0, 20, 18, 1200.000000, 96, 162623437),
    (27, 4, 7, 1100.000000, 35, 161158800),
    (22, 26, 64, 300.000000, 72, 159644637),
    (7, 29, 2, 1300.000000, 56, 303395575),
    (27, 45, 73, 1600.000000, 88, 313416267),
    (7, 2, 9, 1100.000000, 82, 309015357),
    (10, 12, 61, 1800.000000, 52, 612476230),
    (14, 15, 88, 600.000000, 49, 43774585),
    (4, 42, 67, 1100.000000, 40, 401408182),
    (2, 36, 82, 800.000000, 61, 791472266),
    (1, 3, 60, 800.000000, 43, 100508449),
    (21, 48, 61, 500.000000, 35, 798439143),
    (11, 21, 34, 1800.000000, 33, 915677136),
    (25, 21, 40, 1500.000000, 3, 175602209),
    (16, 24, 1, 1000.000000, 89, 859977000),
    (25, 34, 27, 0.000000, 73, 706975147),
    (12, 43, 98, 0.000000, 29, 454046460),
    (15, 13, 46, 200.000000, 79, 6606747),
    (14, 12, 65, 1900.000000, 22, 29117009),
    (7, 18, 25, 1100.000000, 15, 32424814),
    (27, 44, 13, 1300.000000, 67, 84901173),
    (15, 5, 38, 800.000000, 7, 20364558),
    (20, 0, 81, 1000.000000, 52, 818417219),
    (1, 29, 55, 1000.000000, 12, 187401716),
    (4, 22, 73, 0.000000, 95, 503894469),
    (1, 9, 53, 700.000000, 46, 234964700),
    (1, 8, 13, 1200.000000, 18, 353671892),
    (24, 12, 67, 1400.000000, 79, 70642124),
    (17, 36, 5, 1600.000000, 29, 55622823),
    (13, 31, 10, 1300.000000, 6, 61430550),
    (3, 37, 89, 1100.000000, 31, 305739642),
    (21, 42, 87, 100.000000, 29, 733109235),
    (5, 36, 63, 100.000000, 19, 758025297),
    (3, 16, 56, 1400.000000, 61, 45414927),
    (0, 29, 66, 100.000000, 17, 349171013),
    (20, 13, 15, 1500.000000, 22, 203107192),
    (20, 38, 99, 1400.000000, 98, 48044546),
    (25, 0, 6, 700.000000, 87, 198514413),
    (25, 35, 98, 1800.000000, 77, 354556511);

