INSERT INTO DosageForm(id, name) VALUES
    (0, 'tablet'),
    (1, 'syrops'),
    (2, 'pastes'),
    (3, 'solid crystals'),
    (4, 'liquid');

INSERT INTO Manufacturer(id, name) VALUES
    (0, 'Pharmatech'),
    (1, 'Phytopharm Klenka'),
    (2, 'Pharmachim (Pharmacia AD)'),
    (3, 'Pharmaton'),
    (4, 'Pleasure Latex Prod.'),
    (5, 'PSI'),
    (6, 'Plastchim'),
    (7, 'Poli'),
    (8, 'Pharmedge Life Science'),
    (9, 'Pashupati');

INSERT INTO Component(id, name, formula) VALUES
    (0, 'Angels Trumpet', 'HO1'),
    (1, 'Aconite (Wolfsbane)', 'H8OHC2'),
    (2, 'Deadlyius', 'H6HO76'),
    (3, 'Acromantula venom', 'O'),
    (4, 'Billywig sting', 'H'),
    (5, 'Baneberry', 'OC8OHO'),
    (6, 'Caterpillar', 'HHCC15'),
    (7, 'Boomslang skin', 'C3'),
    (8, 'Chinese Chomping Cabbage', 'OOOC'),
    (9, 'Dragon blood', 'H'),
    (10, 'Cat hair', 'H3'),
    (11, 'Boomslang', 'O'),
    (12, 'Croakoa', 'H9OC7'),
    (13, 'Bat spleen', 'O46HC'),
    (14, 'Dragon claw', 'H8C2');

INSERT INTO Laboratory(id, name, managerLastName) VALUES
    (0, 'The Hanso Foundation', 'ANDERSON'),
    (1, 'Umbrella Corporation', 'MARTINEZ'),
    (2, 'Black Letter Labs', 'MARTINEZ'),
    (3, 'PACT Corporation', 'CLARK'),
    (4, 'NorBAC', 'TAYLOR'),
    (5, 'Characters of Sluggy Freelance#Hereti-Corp', 'MARTIN'),
    (6, 'Project Cadmus', 'ROBINSON');

INSERT INTO Drug(id, name, internationalName, dosageFormId, manufacturerId, componentId, certificateId, certificateExpires, certificateLaboratoryId) VALUES
    (0, 'Pasceline D', 'Pasceline D', 4, 0, 11, 0, '20/02/2013', 1),
    (1, 'Panexa', 'Panexa', 4, 9, 6, 1, '14/10/2004', 2),
    (2, 'Kalocin', 'Kalocin', 2, 5, 8, 2, '09/07/2014', 3),
    (3, 'Neodextraline solution', 'Neodextraline solution', 2, 4, 4, 3, '20/07/2008', 3),
    (4, 'Gels', 'Gels', 4, 7, 9, 4, '25/11/2004', 0),
    (5, 'Semuta', 'Semuta', 3, 9, 9, 5, '23/07/2011', 6),
    (6, 'Phoenix Down', 'Phoenix Down', 3, 8, 14, 6, '13/02/2007', 3),
    (7, 'Interfectum', 'Interfectum', 4, 0, 0, 7, '18/02/2004', 0),
    (8, 'Kallocain', 'Kallocain', 4, 4, 0, 8, '13/03/2000', 2),
    (9, 'Jet Antidote', 'Jet Antidote', 1, 5, 7, 9, '19/05/2007', 2),
    (10, 'Medicinal Compound', 'Medicinal Compound', 0, 3, 3, 10, '03/11/2003', 6),
    (11, 'Dried Frog Pills', 'Dried Frog Pills', 3, 2, 8, 11, '08/01/2017', 3),
    (12, 'Plasmids', 'Plasmids', 2, 7, 4, 12, '04/02/2012', 1),
    (13, 'Oret', 'Oret', 0, 5, 11, 13, '08/04/2006', 4),
    (14, 'Vigors', 'Vigors', 2, 7, 9, 14, '07/03/2013', 0),
    (15, 'Digitalin', 'Digitalin', 1, 5, 5, 15, '14/02/2004', 0),
    (16, 'Masiform D', 'Masiform D', 1, 5, 14, 16, '21/05/2014', 0),
    (17, 'Cortexiphan', 'Cortexiphan', 0, 8, 0, 17, '19/11/2007', 1),
    (18, 'Expectane', 'Expectane', 1, 9, 5, 18, '14/04/2013', 4),
    (19, 'PX-41 Antidote', 'PX-41 Antidote', 2, 5, 6, 19, '09/04/2018', 0),
    (20, 'Med-X', 'Med-X', 1, 3, 12, 20, '28/11/2012', 6),
    (21, 'Focusyn', 'Focusyn', 2, 6, 7, 21, '15/07/2013', 1),
    (22, 'Tribonin', 'Tribonin', 2, 0, 14, 22, '21/04/2002', 2),
    (23, 'Nyquil Cold, Flu & AIDS', 'Nyquil Cold, Flu & AIDS', 2, 9, 14, 23, '01/09/2013', 0),
    (24, 'Dreamy Sleepy Nighty Snoozy Snooze', 'Dreamy Sleepy Nighty Snoozy Snooze', 3, 2, 13, 24, '23/06/2009', 2),
    (25, 'Ritalout', 'Ritalout', 2, 5, 12, 25, '20/11/2018', 5),
    (26, 'Ether', 'Ether', 1, 6, 9, 26, '15/02/2002', 3),
    (27, 'Zydrate', 'Zydrate', 0, 9, 14, 27, '08/08/2014', 1),
    (28, 'Neuropozyne', 'Neuropozyne', 4, 0, 1, 28, '09/10/2003', 3),
    (29, 'Ryetalyn', 'Ryetalyn', 0, 8, 2, 29, '27/11/2007', 0),
    (30, 'Gambutrol', 'Gambutrol', 3, 6, 13, 30, '15/08/2015', 4),
    (31, 'Adravil', 'Adravil', 1, 0, 2, 31, '08/01/2017', 5),
    (32, 'Medi-Gel', 'Medi-Gel', 0, 5, 4, 32, '20/02/2005', 6),
    (33, 'Anti-Ague', 'Anti-Ague', 0, 3, 1, 33, '28/05/2003', 0),
    (34, 'Isoprovalyn', 'Isoprovalyn', 0, 7, 8, 34, '15/01/2009', 3),
    (35, 'Catana', 'Catana', 4, 9, 1, 35, '02/08/2017', 6),
    (36, 'Phalanx', 'Phalanx', 1, 1, 10, 36, '10/09/2008', 0),
    (37, 'Starshade', 'Starshade', 2, 3, 2, 37, '14/11/2018', 5),
    (38, 'Counteragent', 'Counteragent', 2, 2, 0, 38, '16/03/2007', 3),
    (39, 'Ryll', 'Ryll', 3, 9, 12, 39, '06/05/2011', 3),
    (40, 'Placiden', 'Placiden', 0, 5, 5, 40, '28/11/2014', 1),
    (41, 'Prexilin', 'Prexilin', 2, 9, 2, 41, '12/01/2004', 4),
    (42, 'Elixir of Long Life', 'Elixir of Long Life', 4, 1, 6, 42, '11/06/2016', 6),
    (43, 'Anabiotics', 'Anabiotics', 4, 7, 12, 43, '27/03/2003', 4),
    (44, 'Bittamucin', 'Bittamucin', 2, 2, 8, 44, '22/01/2006', 2),
    (45, 'Hydronium Bromide', 'Hydronium Bromide', 2, 0, 2, 45, '13/06/2013', 2),
    (46, 'Lot 6', 'Lot 6', 2, 8, 9, 46, '27/10/2003', 6),
    (47, 'Lithium dibromide', 'Lithium dibromide', 4, 1, 6, 47, '04/10/2018', 0),
    (48, 'Antibiotic Gel (AKA Heal Jelly)', 'Antibiotic Gel (AKA Heal Jelly)', 4, 7, 3, 48, '02/01/2011', 6),
    (49, 'Space Mead', 'Space Mead', 0, 3, 5, 49, '22/07/2007', 6);

